permit_no,year,address,permit_type,building_type,units
BS13-1514,2014,3407 BOULDER RIDGE DR,New,SF,1
BS13-1559,2014,1214 PROVIDENCE CIRCLE,New,MF,6
BS13-1560,2014,1212 PROVIDENCE CIRCLE,New,MF,6
BS13-1561,2014,1210 PROVIDENCE CIRCLE,New,MF,6
BS13-1562,2014,1208 PROVIDENCE CIRCLE,New,MF,20
BS13-1563,2014,1207 PROVIDENCE CIRCLE,New,MF,12
BS13-1564,2014,1206 PROVIDENCE CIRCLE,New,MF,23
BS13-1565,2014,1204 PROVIDENCE CIRCLE,New,MF,6
BS13-1566,2014,1203 PROVIDENCE CIRCLE,New,MF,6
BS13-1567,2014,1202 PROVIDENCE CIRCLE,New,MF,6
BS13-1618,2014,3602 COLLEEN DR,New,MF,12
BS13-1619,2014,3604 COLLEEN DR,New,MF,12
BS13-1620,2014,3606 COLLEEN DR,New,MF,12
BS13-1621,2014,3701 COLLEEN DR,New,MF,16
BS13-1622,2014,3702 COLLEEN DR,New,MF,12
BS13-1623,2014,3703 COLLEEN DR,New,MF,16
BS13-1624,2014,3705 COLLEEN DR,New,MF,12
BS13-1625,2014,3706 COLLEEN DR,New,MF,12
BS13-1626,2014,3707 COLLEEN DR,New,MF,12
BS13-1627,2014,3708 COLLEEN DR,New,MF,12
BS13-1628,2014,3709 COLLEEN DR,New,MF,12
BS13-1629,2014,3710 COLLEEN DR,New,MF,8
BS13-1630,2014,3711 COLLEEN DR,New,MF,12
BS13-1712,2014,3405 BOULDER RIDGE DR,New,SF,1
BS13-2309,2014,11 E COLUMBIA,New,MF,25
BS13-2354,2014,37 E CHALMERS,New,MF,3
BS13-2355,2014,39 E CHALMERS,New,MF,3
BS13-2456,2014,308 E GREEN,New,MF,143
BS13-2542,2014,2742-2744 J T COFFMAN DR,New,SF,1
BS13-2545,2014,2746-2748 J T COFFMAN DR,New,SF,1
BS13-2610,2014,314 E CLARK,New,MF,10
BS14-0004,2014,2804 SPRINGHILL LN,New,SF,1
BS14-0137,2014,5608 OLD CHURCH RD,New,SF,1
BS14-0156,2014,1007 W CHARLES,New,SF,1
BS14-0165,2014,3905 PATRIOT LN,New,SF,1
BS14-0166,2014,2109 MAX RUN,New,SF,1
BS14-0177,2014,3902 PATRIOT LN,New,SF,1
BS14-0178,2014,2104 SAVANNA DR,New,SF,1
BS14-0276,2014,3727 SANDSTONE DR,New,SF,1
BS14-0277,2014,3723 SANDSTONE DR,New,SF,1
BS14-0286,2014,3114 STANLEY LN,New,SF,1
BS14-0313,2014,3107 STANLEY LN,New,SF,1
BS14-0314,2014,3109 STANLEY LN,New,SF,1
BS14-0315,2014,3111 STANLEY LN,New,SF,1
BS14-0316,2014,3110 STANLEY LN,New,SF,1
BS14-0317,2014,3112 STANLEY LN,New,SF,1
BS14-0347,2014,1612 CRABAPPLE LN,New,SF,1
BS14-0371,2014,2005 TALANS DR,New,SF,1
BS14-0372,2014,3916 SUMMER SAGE CT,New,SF,1
BS14-0373,2014,3918 SUMMER SAGE CT,New,SF,1
BS14-0374,2014,2115 TALANS DR,New,SF,1
BS14-0375,2014,2107 MAX RUN DR,New,SF,1
BS14-0429,2014,1903 SAVANNA DR,New,SF,1
BS14-0438,2014,3101 STANLEY LN,New,SF,1
BS14-0439,2014,3103 STANLEY LN,New,SF,1
BS14-0440,2014,3105 STANLEY LN,New,SF,1
BS14-0441,2014,3104 STANLEY LN,New,SF,1
BS14-0442,2014,3106 STANLEY LN,New,SF,1
BS14-0443,2014,3108 STANLEY LN,New,SF,1
BS14-0471,2014,2714-2716 MADELYNN DR,New,SF,1
BS14-0486,2014,1402 ENGLISH OAK DR,New,SF,1
BS14-0525,2014,5011 EMMAS WAY,New,SF,1
BS14-0531,2014,2412 PRAIRIE RIDGE PL,New,SF,1
BS14-0539,2014,2110 MAX RUN,New,SF,1
BS14-0560,2014,2103 MAX RUN DR,New,SF,1
BS14-0638,2014,1007 GALEN DR,New,SF,1
BS14-0691,2014,1217 ENGLISH OAK DR,New,SF,1
BS14-0754,2014,303 S FIFTH,New,MF,33
BS14-0771,2014,2009 SAVANNA DR,New,SF,1
BS14-0804,2014,507 KREBS DR,New,SF,1
BS14-0805,2014,505 KREBS DR,New,SF,1
BS14-0806,2014,502 KREBS DR,New,SF,1
BS14-0807,2014,414 KREBS DR,New,SF,1
BS14-0808,2014,406 KREBS DR,New,SF,1
BS14-0810,2014,408 KREBS DR,New,SF,1
BS14-0811,2014,410 KREBS DR,New,SF,1
BS14-0812,2014,412 KREBS DR,New,SF,1
BS14-0851,2014,2107 LEAHS LN,New,SF,1
BS14-0883,2014,5013 TREY BLVD,New,SF,1
BS14-0900,2014,4811 SANDCHERRY DR,New,SF,1
BS14-0966,2014,1304 N WALNUT,New,SF,1
BS14-0970,2014,209 E WILBUR AVE,New,MF,1
BS14-1000,2014,507 S SECOND,New,MF,44
BS14-1007,2014,1506 ENGLISH OAK DR,New,SF,1
BS14-1008,2014,2114 LEAHS LN,New,SF,1
BS14-1019,2014,5014 TREY BLVD,New,SF,1
BS14-1135,2014,29 E GREEN,New,MF,96
BS14-1176,2014,2911 GREYSTONE PL,New,SF,1
BS14-1198,2014,705 S LOCUST,New,MF,20
BS14-1199,2014,30 E JOHN,New,MF,20
BS14-1250,2014,5105 EMMAS WAY,New,SF,1
BS14-1389,2014,5012 EMMAS WAY,New,SF,1
BS14-1440,2014,410 E BEARDSLEY,New,SF,1
BS14-1528,2014,5110 EMMAS WAY,New,SF,1
BS14-1563,2014,4114 W SPRINGFIELD,New,MF,52
BS14-1569,2014,1401 ENGLISH OAK DR,New,SF,1
BS14-1703,2014,2106 Max Run Dr.,New,SF,1
BS14-1771,2014,410 W MAPLE,New,SF,1
BS14-1782,2014,4406 TROSTSHIRE CIR,New,SF,1
BS14-1834,2014,3206 PALMER DR,New,MF,16
BS14-1835,2014,3214 PALMER DR,New,MF,16
BS14-1869,2014,2109 TALANS DR,New,SF,1
BS14-1889,2014,1911 SAVANNA DR,New,SF,1
BS14-1901,2014,505 S SECOND,New,MF,4
BS14-1903,2014,405 KREBS DR,New,SF,1
BS14-1948,2014,2111 TALANS DR,New,SF,1
BS14-1949,2014,910 W ARMORY,New,SF,1
BS14-1956,2014,1403 ENGLISH OAK DR,New,SF,1
BS14-1957,2014,5005 EMMAS WAY,New,SF,1
BS14-2017,2014,1213 ENGLISH OAK DR,New,SF,1
BS14-2019,2014,1205 GLEN ABBEY DR,New,SF,1
BS14-2021,2014,1105 ENGLISH OAK DR,New,SF,1
BS14-2023,2014,1507 ENGLISH OAK DR,New,SF,1
BS14-2038,2015,2602-2612 HUNTERS POND RUN,New,MF,36
BS14-2041,2015,2632-2640 HUNTERS POND RUN,New,MF,30
BS14-2044,2015,2642-2652 HUNTERS POND RUN,New,MF,36
BS14-2047,2014,4815 VAHALLA DR,New,SF,1
BS14-2067,2014,1211 ENGLISH OAK DR,New,SF,1
BS14-2101,2014,3713 SANDSTONE DR,New,SF,1
BS14-2169,2014,4806 VAHALLA DR,New,SF,1
BS14-2188,2014,54 GREENCROFT,New,SF,1
BS14-2190,2014,1007 W CHARLES,New,SF,1
BS14-2209,2014,1203 GLEN ABBEY DR,New,SF,1
BS14-2291,2014,1204 GLEN ABBEY DR,New,SF,1
BS14-2310,2014,4701 ENGLISH OAK CT,New,SF,1
BS14-2361,2014,4809 VAHALLA DR,New,SF,1
BS14-2373,2014,2006 Max Run Dr,New,SF,1
BS14-2394,2014,4811 VAHALLA DR,New,SF,1
BS14-2420,2014,2103 TALANS DR,New,SF,1
BS14-2421,2014,4810 VAHALLA DR,New,SF,1
BS14-2457,2014,4807 VAHALLA DR,New,SF,1
BS14-2493,2015,1701 CONGRESSIONAL WAY,New,MF,1
BS14-2495,2015,204 S FIFTH,New,MF,10
BS14-2568,2014,4803 VAHALLA DR,New,SF,1
BS14-2581,2014,5007 SANDCHERRY DR,New,SF,1
BS14-2689,2015,4002 FREEDOM BLVD,New,SF,1
BS15-0066,2015,1109 ENGLISH OAK DR,New,SF,1
BS15-0117,2015,401 E UNIVERSITY,New,MF,64
BS15-0131,2015,314 E WHITE,New,MF,10
BS15-0146,2015,408 S PRAIRIE,New,MF,7
BS15-0303,2015,907 1/2 S OAK,New,MF,3
BS15-0322,2015,4711 Chestnut Grove Drive,New,SF,1
BS15-0419,2015,3010 STANLEY LN,New,SF,1
BS15-0420,2015,503 KREBS DR,New,SF,1
BS15-0421,2015,308 COREY LN,New,SF,1
BS15-0422,2015,302 COREY LN,New,SF,1
BS15-0423,2015,301 BARDEEN LN,New,SF,1
BS15-0427,2015,1201 ENGLISH OAK DR,New,SF,1
BS15-0435,2015,2105 SAVANNA DR,New,SF,1
BS15-0454,2015,3903 FREEDOM BLVD,New,SF,1
BS15-0522,2015,5027 TREY BLVD,New,SF,1
BS15-0556,2015,3806 PEBBLEBROOK LN,New,SF,1
BS15-0576,2015,1320 Mariner Way,New,MF,8
BS15-0577,2016,1321 Mariner Way,New,MF,8
BS15-0578,2015,1330 Mariner Way,New,MF,8
BS15-0602,2015,3008 STANLEY LN,New,SF,1
BS15-0733,2015,5014 EMMAS WAY,New,SF,1
BS15-0735,2015,601 S FIRST,New,MF,50
BS15-0832,2015,4802 VAHALLA DR,New,SF,1
BS15-0833,2015,5107 EMMAS WAY,New,SF,1
BS15-0865,2015,505 S FIRST,New,MF,13
BS15-0892,2015,415 BARDEEN LN,New,SF,1
BS15-0900,2015,2008 MAX RUN DRIVE,New,SF,1
BS15-0907,2015,4809 CHESTNUT GROVE DRIVE,New,SF,1
BS15-0923,2015,306 COREY LN,New,SF,1
BS15-0924,2015,304 COREY LN,New,SF,1
BS15-0925,2015,3006 STANLEY LN,New,SF,1
BS15-0926,2015,3004 STANLEY LN,New,SF,1
BS15-1114,2015,508 E UNIVERSITY Bldg B,New,MF,158
BS15-1117,2015,608 E UNIVERSITY Bldg A,New,MF,166
BS15-1176,2015,2105 MAX RUN DR,New,SF,1
BS15-1196,2015,402 COREY LN,New,SF,1
BS15-1198,2015,404 COREY LN,New,SF,1
BS15-1199,2015,504 KREBS DR,New,SF,1
BS15-1201,2015,506 KREBS DR,New,SF,1
BS15-1202,2015,508 KREBS DR,New,SF,1
BS15-1203,2015,514 KREBS DR,New,SF,1
BS15-1205,2015,2004 SANGAMON,New,SF,1
BS15-1236,2015,1405 WYNDEMERE POINT DR,New,SF,1
BS15-1241,2015,5003 TREY BLVD,New,SF,1
BS15-1380,2015,1505 ENGLISH OAK DR,New,SF,1
BS15-1432,2015,1618 CONGRESSIONAL WAY,New,SF,1
BS15-1434,2015,1620 CONGRESSIONAL WAY,New,SF,1
BS15-1442,2015,3102 STANLEY LN,New,SF,1
BS15-1454,2015,1215 ENGLISH OAK DR,New,SF,1
BS15-1455,2015,4801 VAHALLA DR,New,SF,1
BS15-1484,2015,1402 SAND DOLLAR DR,New,SF,1
BS15-1584,2015,5001 SANDCHERRY DR,New,SF,1
BS15-1585,2015,303 BARDEEN LN,New,SF,1
BS15-1592,2015,5025 TREY BLVD,New,SF,1
BS15-1771,2015,3714 BOULDER RIDGE DR,New,SF,1
BS15-1780,2015,4705 VAHALLA DR,New,SF,1
BS15-1781,2015,1414 SAND DOLLAR DR,New,SF,1
BS15-1782,2015,3705 SANDSTONE DR,New,SF,1
BS15-1789,2015,3901 FREEDOM BLVD,New,SF,1
BS15-1790,2015,4706 ENGLISH OAK CT,New,SF,1
BS15-1807,2015,1601 CONGRESSIONAL WAY,New,SF,1
BS15-1808,2015,1603 CONGRESSIONAL WAY,New,SF,1
BS15-1827,2015,302 DOISY LN,New,SF,1
BS15-1851,2015,4811 OAKDALE DR,New,SF,1
BS15-1892,2015,1706 FOXBOROUGH CT,New,SF,1
BS15-1895,2015,5 ALDER CT,New,SF,1
BS15-1953,2015,1106 ENGLISH OAK DR,New,SF,1
BS15-2024,2015,3901 PATRIOT LN,New,SF,1
BS15-2034,2015,4705 VAHALLA DR,New,SF,1
BS15-2158,2015,1307 ENGLISH OAK DR,New,SF,1
BS15-2166,2015,5010 EMMAS WAY,New,SF,1
BS15-2183,2015,5021 TREY BLVD,New,SF,1
BS15-2202,2015,1008 S FOURTH,New,MF,66
BS15-2226,2015,5014 CHESTNUT GROVE DR,New,SF,1
BS15-2264,2015,4804 PEIFER LN,New,SF,1
BS15-2323,2015,106 E ARMORY AVE,New,MF,16
BS15-2375,2015,3904 Liberty Circle,New,SF,1
BS15-2378,2015,3902 Liberty Circle,New,SF,1
BS15-2389,2015,416 COREY LN,New,SF,1
BS15-2390,2015,309 WHEATON,New,SF,1
BS15-2404,2015,908 S FIRST,New,MF,68
BS15-2419,2015,1406 MYRTLE BEACH AV,New,SF,1
BS15-2421,2015,1408 MYRTLE BEACH AV,New,SF,1
BS15-2428,2015,5006 EMMAS WAY,New,SF,1
BS15-2457,2016,213 W GREEN,New,MF,32
BS15-2476,2015,1914 MAX RUN DR,New,SF,1
BS15-2491,2015,5002 Emmas Way,New,SF,1
BS15-2501,2015,1209 ENGLISH OAK DR,New,SF,1
BS15-2533,2015,3922 SUMMER SAGE CT,New,SF,1
BS15-2534,2015,3920 SUMMER SAGE CT,New,SF,1
BS15-2564,2015,1106 GLEN ABBEY DR,New,SF,1
BS15-2700,2016,501 E UNIVERSITY,New,MF,25
BS15-2716,2015,1207 ENGLISH OAK DR,New,SF,1
BS15-2749,2015,3908 Liberty Circle,New,SF,1
BS15-2750,2015,3906 Liberty Circle,New,SF,1
BS15-2751,2015,1606 EAGLE RD,New,SF,1
BS15-2803,2015,1415 ROSE DR,New,SF,1
BS15-2819,2015,4529 NICKLAUS DR,New,SF,1
BS15-2820,2015,4531 NICKLAUS DR,New,SF,1
BS15-2821,2015,4535 NICKLAUS DR,New,SF,1
BS15-2822,2015,4533 NICKLAUS DR,New,SF,1
BS15-2956,2016,3910 Liberty Circle,New,SF,1
BS16-0047,2016,4527 NICKLAUS DR,New,SF,1
BS16-0048,2016,4525 NICKLAUS DR,New,SF,1
BS16-0049,2016,4523 NICKLAUS DR,New,SF,1
BS16-0050,2016,4521 NICKLAUS DR,New,SF,1
BS16-0056,2016,4804 VAHALLA DR,New,SF,1
BS16-0057,2016,4707 VAHALLA DR,New,SF,1
BS16-0066,2016,3710 BOULDER RIDGE DR,New,SF,1
BS16-0103,2016,2401 W Bradley,New,MF,48
BS16-0126,2016,2624-2630 HUNTERS POND RUN,New,MF,24
BS16-0127,2016,2614-2622 HUNTERS POND RUN,New,MF,30
BS16-0135,2016,1509 ENGLISH OAK DR,New,SF,1
BS16-0138,2016,509 S ELM,New,MF,10
BS16-0191,2016,1607 EAGLE RD,New,SF,1
BS16-0257,2016,1419 Jacobs Blvd,New,SF,1
BS16-0284,2016,4808 OAKDALE DR,New,SF,1
BS16-0312,2016,512 W BEARDSLEY,New,SF,1
BS16-0347,2016,3806 PATRIOT LN,New,SF,1
BS16-0366,2016,1301 MARINER WAY,New,MF,8
BS16-0368,2016,3760 HARBOR ESTATES LN,New,MF,8
BS16-0394,2016,3002 STANLEY LN,New,SF,1
BS16-0395,2016,2908 STANLEY LN,New,SF,1
BS16-0397,2016,904 N HICKORY,New,SF,1
BS16-0398,2016,501 KREBS DR,New,SF,1
BS16-0399,2016,413 KREBS DR,New,SF,1
BS16-0400,2016,512 KREBS DR,New,SF,1
BS16-0401,2016,510 KREBS DR,New,SF,1
BS16-0402,2016,411 KREBS DR,New,SF,1
BS16-0403,2016,409 KREBS DR,New,SF,1
BS16-0404,2016,407 KREBS DR,New,SF,1
BS16-0421,2016,707 S THIRD,New,MF,63
BS16-0430,2016,3323 BOULDER RIDGE DR,New,SF,1
BS16-0431,2016,3325 BOULDER RIDGE DR,New,SF,1
BS16-0438,2016,4703 VAHALLA DR,New,SF,1
BS16-0443,2016,5001 Abbey Fields Dr,New,SF,1
BS16-0461,2016,5010 ABBEY FIELDS DR,New,SF,1
BS16-0481,2016,3814 PATRIOT LN,New,SF,1
BS16-0507,2016,212 E GREEN,New,MF,110
BS16-0539,2016,1310 MYRTLE BEACH AV,New,SF,1
BS16-0540,2016,1312 MYRTLE BEACH AV,New,SF,1
BS16-0541,2016,1402 MYRTLE BEACH AV,New,SF,1
BS16-0542,2016,1404 MYRTLE BEACH AV,New,SF,1
BS16-0543,2016,1314 MYRTLE BEACH AV,New,SF,1
BS16-0544,2016,1316 MYRTLE BEACH AV,New,SF,1
BS16-0545,2016,1318 MYRTLE BEACH AV,New,SF,1
BS16-0546,2016,1320 MYRTLE BEACH AV,New,SF,1
BS16-0559,2016,2105 TALANS DR,New,SF,1
BS16-0615,2016,3705 LIGHTHOUSE POINTE,New,SF,1
BS16-0620,2016,408 COREY LN,New,SF,1
BS16-0621,2016,410 COREY LN,New,SF,1
BS16-0622,2016,412 COREY LN,New,SF,1
BS16-0623,2016,414 COREY LN,New,SF,1
BS16-0625,2016,406 COREY LN,New,SF,1
BS16-0631,2016,1103 ENGLISH OAK DR,New,SF,1
BS16-0632,2016,3912 Liberty Circle,New,SF,1
BS16-0646,2016,1609 EAGLE RD,New,SF,1
BS16-0647,2016,2004 MAX RUN DR,New,SF,1
BS16-0648,2016,2102 Max Run Dr,New,SF,1
BS16-0668,2016,5005 TREY BLVD,New,SF,1
BS16-0680,2016,305 BARDEEN LN,New,SF,1
BS16-0681,2016,2902 STANLEY LN,New,SF,1
BS16-0697,2016,3104 SHARP DR,New,SF,1
BS16-0698,2016,3106 SHARP DR,New,SF,1
BS16-0699,2016,3108 SHARP DR,New,SF,1
BS16-0700,2016,3110 SHARP DR,New,SF,1
BS16-0702,2016,3112 SHARP DR,New,SF,1
BS16-0748,2016,4806 OAKDALE DR,New,SF,1
BS16-0784,2016,3331 BOULDER RIDGE DR,New,SF,1
BS16-0785,2016,3333 BOULDER RIDGE DR,New,SF,1
BS16-0786,2016,3327 BOULDER RIDGE DR,New,SF,1
BS16-0789,2016,3329 BOULDER RIDGE DR,New,SF,1
BS16-0826,2016,910 W ARMORY,New,SF,1
BS16-0865,2016,3102 SHARP DR,New,SF,1
BS16-0866,2016,307 BARDEEN LN,New,SF,1
BS16-0867,2016,401 BARDEEN LN,New,SF,1
BS16-0869,2016,403 BARDEEN LN,New,SF,1
BS16-0872,2016,405 BARDEEN LN,New,SF,1
BS16-0874,2016,407 BARDEEN LN,New,SF,1
BS16-0895,2016,5015 TREY BLVD,New,SF,1
BS16-0930,2016,3810 PATRIOT LN,New,SF,1
BS16-0936,2016,701 CHICKORY DR,New,SF,1
BS16-0940,2016,209 E ARMORY,New,MF,18
BS16-0975,2016,3908 FREEDOM BLVD,New,SF,1
BS16-0978,2016,4006 FREEDOM BLVD,New,SF,1
BS16-1038,2016,4519 NICKLAUS DR,New,SF,1
BS16-1047,2016,3906 TALLGRASS DR,New,SF,1
BS16-1063,2016,409 BARDEEN LN,New,SF,1
BS16-1064,2016,411 BARDEEN LN,New,SF,1
BS16-1065,2016,413 BARDEEN LN,New,SF,1
BS16-1123,2016,1407 ENGLISH OAK DR,New,SF,1
BS16-1164,2016,2904 STANLEY LN,New,SF,1
BS16-1216,2016,3906 FREEDOM BLVD,New,SF,1
BS16-1229,2016,1407 WYNDEMERE POINT DR,New,SF,1
BS16-1234,2016,5001 TREY BLVD,New,SF,1
BS16-1282,2016,5031 TREY BLVD,New,SF,1
BS16-1284,2016,1 GREENCROFT,New,SF,1
BS16-1304,2016,4703 ENGLISH OAK CT,New,SF,1
BS16-1305,2016,4517 NICKLAUS DR,New,SF,1
BS16-1354,2016,1104 GLEN ABBEY DR,New,SF,1
BS16-1417,2016,1303 ENGLISH OAK DR,New,SF,1
BS16-1454,2016,2109 LEAHS LN,New,SF,1
BS16-1526,2016,3916 Liberty Circle,New,SF,1
BS16-1534,2016,2003 TALANS DR,New,SF,1
BS16-1544,2016,506 E COLUMBIA,New,SF,1
BS16-1551,2016,1409 ENGLISH OAK DR,New,SF,1
BS16-1575,2016,5007 TREY BLVD,New,SF,1
BS16-1581,2016,1207 W EUREKA,New,SF,1
BS16-1618,2016,3903 PATRIOT LN,New,SF,1
BS16-1660,2016,2906 STANLEY LN,New,SF,1
BS16-1688,2016,217 S NEIL,New,MF,51
BS16-1704,2016,1603 SANDCHERRY CT,New,SF,1
BS16-1741,2016,1201 GLEN ABBEY DR,New,SF,1
BS16-1799,2016,3904 FREEDOM BLVD,New,SF,1
BS16-1849,2016,1304 ENGLISH OAK DR,New,SF,1
BS16-1920,2017,4602 NICKLAUS DR,New,MF,16
BS16-1976,2016,1600 MULLIKIN DR,New,SF,1
BS16-1983,2016,3902 FREEDOM BLVD,New,SF,1
BS16-2011,2016,1909 SAVANNA DR,New,SF,1
BS16-2015,2016,1609 EAGLE RD,New,SF,1
BS16-2021,2016,108 E DANIEL,New,MF,18
BS16-2288,2016,201 W GREEN,New,MF,47
BS16-2332,2016,305 E DANIEL,New,MF,18
BS16-2385,2016,3901 Liberty Circle,New,SF,1
BS16-2386,2016,3903 Liberty Circle,New,SF,1
BS16-2404,2016,2411 N NEIL,New,MF,12
BS16-2444,2016,4513 NICKLAUS DR,New,SF,1
BS16-2445,2016,4515 NICKLAUS DR,New,SF,1
BS16-2446,2016,1406 ENGLISH OAK DR,New,SF,1
BS16-2455,2016,1007 S OAK,New,SF,1
BS16-2483,2016,5006 TREY BLVD,New,SF,1
BS16-2554,2016,408 W MAPLE,New,SF,1
BS16-2555,2016,407 1/2 W MAPLE,New,SF,1
BS16-2556,2016,3617 FREEDOM BLVD,New,SF,1
BS16-2598,2016,1209 GLEN ABBEY DR,New,SF,1
BS16-2602,2016,1205 ENGLISH OAK DR,New,SF,1
BS16-2643,2016,410 W MAPLE,New,SF,1
BS16-2662,2016,4004 FREEDOM BLVD,New,SF,1
BS16-2708,2016,304 DOISY LN,New,SF,1
BS16-2709,2016,306 DOISY LN,New,SF,1
BS16-2710,2016,308 DOISY LN,New,SF,1
BS16-2711,2016,402 DOISY LN,New,SF,1
BS16-2712,2016,404 DOISY LN,New,SF,1
BS16-2715,2016,406 DOISY LN,New,SF,1
BS16-2758,2016,1113 ENGLISH OAK DR,New,SF,1
BS16-2760,2016,1103 GLEN ABBEY DR,New,SF,1
BS16-2761,2016,1107 GLEN ABBEY DR,New,SF,1
BS16-2844,2016,4807 OAKDALE DR,New,SF,1
BS16-2882,2016,1504 ENGLISH OAK DR,New,SF,1
BS16-2912,2017,4604 NICKLAUS DR,New,MF,16
BS16-2917,2016,3905 Liberty Circle unit 14,New,SF,1
BS16-2918,2016,5004 ABBEY FIELDS DR,New,SF,1
BS16-2930,2016,4511 NICKLAUS DR,New,SF,1
BS16-2932,2016,4507 NICKLAUS DR,New,SF,1
BS16-2933,2016,4505 NICKLAUS DR,New,SF,1
BS16-2935,2016,1417 JACOBS BLVD,New,SF,1
BS16-2936,2016,4509 NICKLAUS DR,New,SF,1
BS16-2937,2016,3907 FREEDOM BLVD,New,SF,1
BS16-2987,2016,5007 ABBEY FIELDS DR,New,SF,1
BS17-0071,2017,407 COREY LN,New,SF,1
BS17-0072,2017,409 COREY LN,New,SF,1
BS17-0073,2017,411 COREY LN,New,SF,1
BS17-0074,2017,413 COREY LN,New,SF,1
BS17-0075,2017,415 COREY LN,New,SF,1
BS17-0076,2017,416 DOISY LN,New,SF,1
BS17-0098,2017,1501 YANKEE LN,New,SF,1
BS17-0136,2017,1503 YANKEE LN,New,SF,1
BS17-0150,2017,401 COREY LN,New,SF,1
BS17-0151,2017,403 COREY LN,New,SF,1
BS17-0152,2017,405 COREY LN,New,SF,1
BS17-0207,2017,1603 EAGLE RD,New,SF,1
BS17-0232,2017,1706 EAGLE RD,New,SF,1
BS17-0234,2017,3623 FREEDOM BLVD,New,SF,1
BS17-0239,2017,818 SEDGEGRASS DR,New,SF,1
BS17-0241,2017,816 SEDGEGRASS DR,New,SF,1
BS17-0277,2017,1802 CYPRESS DR,New,SF,1
BS17-0289,2017,1613 CONGRESSIONAL WAY,New,SF,1
BS17-0313,2017,3621 FREEDOM BLVD,New,SF,1
BS17-0314,2017,203 DOISY LN,New,SF,1
BS17-0317,2017,3615 FREEDOM BLVD,New,SF,1
BS17-0318,2017,3620 FREEDOM BLVD,New,SF,1
BS17-0360,2017,1707 Eagle Road,New,SF,1
BS17-0361,2017,3622 FREEDOM BLVD,New,SF,1
BS17-0362,2017,301 COREY LN,New,SF,1
BS17-0363,2017,303 COREY LN,New,SF,1
BS17-0364,2017,305 COREY LN,New,SF,1
BS17-0365,2017,307 COREY LN,New,SF,1
BS17-0381,2017,800 SEDGEGRASS DR,New,SF,1
BS17-0382,2017,802 SEDGEGRASS DR,New,SF,1
BS17-0393,2017,302 S FIRST,New,MF,58
BS17-0394,2017,310 S First Street,New,MF,46
BS17-0413,2017,3618 FREEDOM BLVD,New,SF,1
BS17-0414,2017,1611 EAGLE RD,New,SF,1
BS17-0416,2017,3619 FREEDOM BLVD,New,SF,1
BS17-0450,2017,5022 Abbey Fields Dr,New,SF,1
BS17-0451,2017,746 SEDGEGRASS DR,New,SF,1
BS17-0452,2017,748 SEDGEGRASS DR,New,SF,1
BS17-0453,2017,750 SEDGEGRASS DR,New,SF,1
BS17-0454,2017,752 SEDGEGRASS DR,New,SF,1
BS17-0455,2017,1703 EAGLE RD,New,SF,1
BS17-0476,2017,201 DOISY LN,New,SF,1
BS17-0508,2017,1515 STONEBLUFF CT,New,SF,1
BS17-0510,2017,1517 STONEBLUFF CT,New,SF,1
BS17-0511,2017,1516 GREYROCK LN,New,SF,1
BS17-0512,2017,1518 GREYROCK LN,New,SF,1
BS17-0513,2017,1402 COBBLESTONE WAY,New,SF,1
BS17-0514,2017,1404 COBBLESTONE WAY,New,SF,1
BS17-0519,2017,754 SEDGEGRASS DR,New,SF,1
BS17-0521,2017,756 SEDGEGRASS DR,New,SF,1
BS17-0531,2017,1406 COBBLESTONE WAY,New,SF,1
BS17-0532,2017,1408 COBBLESTONE WAY,New,SF,1
BS17-0533,2017,1411 JACOBS BLVD,New,SF,1
BS17-0537,2017,1516 STONEBLUFF CT,New,SF,1
BS17-0538,2017,1518 STONEBLUFF CT,New,SF,1
BS17-0540,2017,1107 ENGLISH OAK DR,New,SF,1
BS17-0544,2017,1709 EAGLE RD,New,SF,1
BS17-0625,2017,1111 ENGLISH OAK DR,New,SF,1
BS17-0627,2017,1108 ENGLISH OAK DR,New,SF,1
BS17-0689,2017,1502 YANKEE LN,New,SF,1
BS17-0726,2017,205 DOISY LN,New,SF,1
BS17-0727,2017,301 DOISY LN,New,SF,1
BS17-0765,2017,1604 EAGLE RD,New,SF,1
BS17-0769,2017,1403 WYNDEMERE POINT DR,New,SF,1
BS17-0775,2017,3701 LIGHTHOUSE POINTE,New,SF,1
BS17-0841,2017,1701 EAGLE RD,New,SF,1
BS17-0888,2017,2107 TALANS DR,New,SF,1
BS17-0895,2017,4503 NICKLAUS DR,New,SF,1
BS17-0896,2017,4501 NICKLAUS DR,New,SF,1
BS17-0917,2017,1413 JACOBS BLVD,New,SF,1
BS17-0932,2017,3913 Slate Dr,New,SF,1
BS17-0933,2017,3908 Slate Dr,New,SF,1
BS17-0934,2017,3912 Slate Dr,New,SF,1
BS17-1020,2017,3611 FREEDOM BLVD,New,SF,1
BS17-1027,2017,2915 - 2917 GREYSTONE PL,New,SF,1
BS17-1047,2017,3803 BOULDER RIDGE DR,New,SF,1
BS17-1075,2017,1608 EAGLE RD,New,SF,1
BS17-1096,2017,2303 Lovie Lane,New,SF,1
BS17-1097,2017,2305 Lovie Lane,New,SF,1
BS17-1110,2017,1606 CONGRESSIONAL WAY,New,SF,1
BS17-1111,2017,1608 CONGRESSIONAL WAY,New,SF,1
BS17-1130,2017,3709 SANDSTONE DR,New,SF,1
BS17-1183,2017,3111 PALMER DR,New,SF,1
BS17-1235,2017,4108 RAYBURN CT,New,SF,1
BS17-1238,2017,303 DOISY LN,New,SF,1
BS17-1239,2017,307 DOISY LN,New,SF,1
BS17-1240,2017,309 DOISY LN,New,SF,1
BS17-1241,2017,401 DOISY LN,New,SF,1
BS17-1242,2017,403 DOISY LN,New,SF,1
BS17-1243,2017,405 DOISY LN,New,SF,1
BS17-1281,2017,3701 SANDSTONE DR,New,SF,1
BS17-1311,2017,1406 SAND DOLLAR DR,New,SF,1
BS17-1312,2017,1410 SAND DOLLAR DR,New,SF,1
BS17-1313,2017,407 DOISY LN,New,SF,1
BS17-1314,2017,409 DOISY LN,New,SF,1
BS17-1315,2017,411 DOISY LN,New,SF,1
BS17-1316,2017,413 DOISY LN,New,SF,1
BS17-1323,2017,2919 - 2921 GREYSTONE PL,New,SF,1
BS17-1324,2017,2923 - 2925 GREYSTONE PL,New,SF,1
BS17-1338,2017,110 E ARMORY,New,MF,1
BS17-1340,2017,305 DOISY LN,New,SF,1
BS17-1341,2017,415 DOISY LN,New,SF,1
BS17-1343,2017,3902 Slate Dr,New,SF,1
BS17-1380,2017,3910 Slate Dr,New,SF,1
BS17-1381,2017,3906 Slate Dr,New,SF,1
BS17-1382,2017,3911 Slate Dr,New,SF,1
BS17-1383,2017,5017 TREY BLVD,New,SF,1
BS17-1407,2017,3812 BOULDER RIDGE DR,New,SF,1
BS17-1427,2017,3907 Liberty Circle,New,SF,1
BS17-1498,2017,5018 ABBEY FIELDS DR,New,SF,1
BS17-1555,2017,5009 ABBEY FIELDS DR,New,SF,1
BS17-1602,2017,901 S FOURTH,New,MF,49
BS17-1713,2017,1704 EAGLE RD,New,SF,1
BS17-1724,2017,1409 PEPPERMILL LN,New,SF,1
BS17-1740,2017,3109 PALMER DR,New,SF,1
BS17-1757,2017,410 W MAPLE,New,SF,1
BS17-1770,2017,1904 ALTON DR,New,SF,1
BS17-1799,2017,4606 NICKLAUS DR,New,MF,16
BS17-1800,2017,4608 NICKLAUS DR,New,MF,16
BS17-1855,2018,615 S WRIGHT,New,MF,55
BS17-1886,2017,3911 Freedom Blvd,New,SF,1
BS17-1958,2017,1505 Yankee Lane,New,SF,1
BS17-2004,2017,3105 PALMER DR,New,SF,1
BS17-2005,2017,3107 PALMER DR,New,SF,1
BS17-2085,2017,3115 PALMER DR,New,SF,1
BS17-2111,2017,3911 Liberty Circle,New,SF,1
BS17-2140,2017,1505 WYNDEMERE POINT DR,New,SF,1
BS17-2185,2017,209 E UNIVERSITY,New,MF,96
BS17-2194,2017,1609 CRABAPPLE LN,New,SF,1
BS17-2197,2017,2927 Greystone,New,SF,1
BS17-2198,2017,3803 FREEDOM BLVD,New,SF,1
BS17-2212,2017,3909 Liberty Circle,New,SF,1
BS17-2390,2017,1708 EAGLE RD,New,SF,1
BS17-2397,2017,1212 W ARMORY,New,SF,1
BS17-2399,2017,308 1/2 E CLARK,New,SF,1
BS17-2488,2017,3301 Fields South,New,MF,28
BS17-2489,2017,3401 FIELDS SOUTH DR,New,MF,28
BS17-2491,2017,3113 PALMER DR,New,SF,1
BS17-2562,2017,1118 W WILLIAM,New,SF,1
BS17-2730,2017,2306 LOVIE LANE,New,SF,1
BS17-2732,2017,2314 LOVIE LN,New,SF,1
BS17-2789,2017,1711 GLENN PARK,New,SF,1
BS17-2827,2018,507 S LOCUST,New,SF,1
BS17-2859,2017,3109 S Duncan,New,SF,1
BS17-2995,2018,707 S FOURTH,New,MF,218
BS17-3084,2018,2113 TALANS DR,New,SF,1
BS18-0024,2018,2309 Lovie Lane,New,SF,1
BS18-0109,2018,2010 MAX RUN DR,New,SF,1
BS18-0119,2018,2307 Lovie Lane,New,SF,1
BS18-0153,2018,5008 EMMAS WAY,New,SF,1
BS18-0202,2018,2311 Lovie Lane,New,SF,1
BS18-0275,2018,1601 SANDCHERRY CT,New,SF,1
BS18-0286,2018,1502 JACOBS BLVD,New,SF,1
BS18-0302,2018,1806 PARK HAVEN DR,New,SF,1
BS18-0309,2018,3807 Slate Dr,New,SF,1
BS18-0319,2018,2310 LOVIE LN,New,SF,1
BS18-0370,2018,202 S FOURTH ST,New,MF,96
BS18-0371,2018,210 S FOURTH ST,New,MF,71
BS18-0377,2018,3903 SLATE DR,New,SF,1
BS18-0399,2018,4903 SANDCHERRY DR,New,SF,1
BS18-0416,2018,520 N NEIL,New,MF,35
BS18-0420,2018,3904 PATRIOT LN,New,SF,1
BS18-0483,2018,3117 PALMER DR,New,SF,1
BS18-0484,2018,3119 PALMER DR,New,SF,1
BS18-0515,2018,1510 Peppermill,New,SF,1
BS18-0543,2018,4705 ENGLISH OAK CT,New,SF,1
BS18-0554,2018,3102 Palmer Dr,New,MF,30
BS18-0555,2018,4502 NICKLAUS DR,New,MF,30
BS18-0556,2018,4510 Nicklaus Dr,New,MF,24
BS18-0557,2018,4520 Nicklaus Dr,New,MF,24
BS18-0558,2018,4530 Nicklaus Dr,New,MF,24
BS18-0559,2018,4540 Nicklaus Dr,New,MF,24
BS18-0560,2018,4550 Nicklaus Dr,New,MF,24
BS18-0602,2018,3712 SANDSTONE DR,New,SF,1
BS18-0619,2018,3121 PALMER DR,New,SF,1
BS18-0621,2018,3123 PALMER DR,New,SF,1
BS18-0636,2018,4510 NICKLAUS DRIVE,New,MF,24
BS18-0665,2018,5006 ABBEY FIELDS DR,New,SF,1
BS18-0667,2018,1711 EAGLE RD,New,SF,1
BS18-0674,2018,57 GREENCROFT,New,SF,1
BS18-0729,2018,1601 EAGLE RD,New,SF,1
BS18-0742,2018,3913 Liberty Circle,New,SF,1
BS18-0743,2018,3915 Liberty Circle,New,SF,1
BS18-0807,2018,4008 FREEDOM BLVD,New,SF,1
BS18-0851,2018,3908 TALLGRASS DR,New,SF,1
BS18-0875,2018,31 GREENCROFT DR,New,SF,1
BS18-0923,2018,4817 VAHALLA DR,New,SF,1
BS18-0930,2018,1408 - 1414 POSEY ST,New,SF,1
BS18-0931,2018,1402 - 1406 POSEY ST,New,SF,1
BS18-0932,2018,207 - 211 GIBONEY ST,New,SF,1
BS18-0933,2018,1314 - 1318 CLOCK ST,New,SF,1
BS18-0934,2018,1308 - 1312 CLOCK ST,New,SF,1
BS18-0935,2018,1302 - 1306 CLOCK ST,New,SF,1
BS18-0936,2018,209 - 213 APEX ST,New,SF,1
BS18-0937,2018,201 - 207 APEX ST,New,SF,1
BS18-0949,2018,2913 GREYSTONE PL,New,SF,1
BS18-1001,2018,3803 SLATE DR,New,SF,1
BS18-1002,2018,3811 SLATE DR,New,SF,1
BS18-1003,2018,3806 SLATE DR,New,SF,1
BS18-1025,2018,3909 SLATE DR,New,SF,1
BS18-1026,2018,1208 ENGLISH OAK DR,New,SF,1
BS18-1122,2018,1415 JACOBS BLVD,New,SF,1
BS18-1125,2018,612 HESSEL BLVD,New,SF,1
BS18-1148,2018,104 E JOHN ST,New,MF,25
BS18-1161,2018,1308 ENGLISH OAK DR,New,SF,1
BS18-1178,2018,1212 W WINDSOR RD,New,SF,1
BS18-1206,2018,3402 BOULDER RIDGE DR,New,SF,1
BS18-1207,2018,3404 BOULDER RIDGE DR,New,SF,1
BS18-1209,2018,1406 N MARKET ST,New,SF,1
BS18-1210,2018,1404 N MARKET,New,SF,1
BS18-1211,2018,1402 N MARKET,New,SF,1
BS18-1212,2018,1410 ALBERTA PARKWAY,New,SF,1
BS18-1213,2018,1408 ALBERTA PARKWAY,New,SF,1
BS18-1214,2018,1406 ALBERTA PARKWAY,New,SF,1
BS18-1215,2018,1404 ALBERTA PARKWAY,New,SF,1
BS18-1216,2018,1402 ALBERTA PARKWAY,New,SF,1
BS18-1217,2018,112 GIBONEY STREET,New,SF,1
BS18-1218,2018,114 GIBONEY ST,New,SF,1
BS18-1219,2018,116 GIBONEY ST,New,SF,1
BS18-1220,2018,118 GIBONEY ST,New,SF,1
BS18-1221,2018,1401 CLOCK ST,New,SF,1
BS18-1222,2018,1403 CLOCK ST,New,SF,1
BS18-1223,2018,1405 CLOCK ST,New,SF,1
BS18-1224,2018,117 TOWER ST,New,SF,1
BS18-1225,2018,115 TOWER ST,New,SF,1
BS18-1226,2018,113 TOWER ST,New,SF,1
BS18-1227,2018,111 TOWER ST,New,SF,1
BS18-1228,2018,109 TOWER ST,New,SF,1
BS18-1229,2018,107 TOWER ST,New,SF,1
BS18-1230,2018,105 TOWER ST,New,SF,1
BS18-1231,2018,1412 CLOCK ST,New,SF,1
BS18-1232,2018,1410 CLOCK ST,New,SF,1
BS18-1233,2018,1408 CLOCK ST,New,SF,1
BS18-1234,2018,1406 CLOCK ST,New,SF,1
BS18-1235,2018,1404 CLOCK ST,New,SF,1
BS18-1236,2018,1402 CLOCK ST,New,SF,1
BS18-1237,2018,1411 POSEY ST,New,SF,1
BS18-1238,2018,1409 POSEY ST,New,SF,1
BS18-1239,2018,1407 POSEY ST,New,SF,1
BS18-1240,2018,1405 POSEY ST,New,SF,1
BS18-1241,2018,1403 POSEY ST,New,SF,1
BS18-1242,2018,1401 POSEY ST,New,SF,1
BS18-1243,2018,1217 CLOCK ST,New,SF,1
BS18-1244,2018,1215 CLOCK ST,New,SF,1
BS18-1245,2018,1213 CLOCK ST,New,SF,1
BS18-1246,2018,1211 CLOCK ST,New,SF,1
BS18-1247,2018,1209 CLOCK ST,New,SF,1
BS18-1248,2018,1207 CLOCK ST,New,SF,1
BS18-1249,2018,1206 ALBERTA PARKWAY,New,SF,1
BS18-1250,2018,1208 ALBERTA PARKWAY,New,SF,1
BS18-1251,2018,1210 ALBERTA PARKWAY,New,SF,1
BS18-1252,2018,1212 ALBERTA PARKWAY,New,SF,1
BS18-1253,2018,1214 ALBERTA PARKWAY,New,SF,1
BS18-1254,2018,1216 ALBERTA PARKWAY,New,SF,1
BS18-1255,2018,1302 ALBERTA PARKWAY,New,SF,1
BS18-1256,2018,1304 ALBERTA PARKWAY,New,SF,1
BS18-1257,2018,1306 ALBERTA PARKWAY,New,SF,1
BS18-1258,2018,1308 ALBERTA PARKWAY,New,SF,1
BS18-1259,2018,1310 ALBERTA PARKWAY,New,SF,1
BS18-1260,2018,1312 ALBERTA PARKWAY,New,SF,1
BS18-1261,2018,1314 ALBERTA PARKWAY,New,SF,1
BS18-1262,2018,1316 ALBERTA PARKWAY,New,SF,1
BS18-1263,2018,1318 ALBERTA PARKWAY,New,SF,1
BS18-1264,2018,1317 CLOCK ST,New,SF,1
BS18-1265,2018,1315 CLOCK ST,New,SF,1
BS18-1266,2018,1313 CLOCK ST,New,SF,1
BS18-1267,2018,1311 CLOCK ST,New,SF,1
BS18-1268,2018,1309 CLOCK ST,New,SF,1
BS18-1269,2018,1307 CLOCK ST,New,SF,1
BS18-1270,2018,1305 CLOCK ST,New,SF,1
BS18-1271,2018,1303 CLOCK ST,New,SF,1
BS18-1272,2018,1301 CLOCK ST,New,SF,1
BS18-1413,2018,5013 CHESTNUT GROVE DR,New,SF,1
BS18-1445,2018,3609 FREEDOM BLVD,New,SF,1
BS18-1491,2018,3614 FREEDOM BLVD,New,SF,1
BS18-1583,2019,2707 WINDWARD BLVD,New,SF,1
BS18-1677,2018,1410 JACOBS BLVD,New,SF,1
BS18-1714,2018,111 E JOHN ST,New,MF,51
BS18-1775,2018,709 SHERWOOD TER,New,SF,1
BS18-1778,2019,3909 BOULDER RIDGE DR,New,SF,1
BS18-1973,2018,1604 CONGRESSIONAL WAY,New,SF,1
BS18-2010,2018,3613 FREEDOM BLVD,New,SF,1
BS18-2011,2018,3616 FREEDOM BLVD,New,SF,1
BS18-2025,2018,5001 EMMAS WAY,New,SF,1
BS18-2038,2019,3402 MISSION DR,New,MF,30
BS18-2056,2018,3302 MISSION DR,New,MF,30
BS18-2126,2018,501 INTERSTATE DRIVE,New,MF,98
BS18-2127,2018,503 INTERSTATE DRIVE,New,MF,12
BS18-2128,2018,505 INTERSTATE DRIVE,New,MF,12
BS18-2207,2018,55 E GREEN ST,New,MF,36
BS18-2294,2018,5008 CHESTNUT GROVE DR,New,SF,1
BS18-2366,2018,4813 VAHALLA DR,New,SF,1
BS18-2379,2018,3207 PALMER DR,New,SF,1
BS18-2411,2018,3612 FREEDOM BLVD,New,SF,1
BS18-2426,2018,2002 MAX RUN DR,New,SF,1
BS18-2500,2018,3708 Sandstone,New,SF,1
BS18-2531,2018,608 Sedgegrass,New,SF,1
BS18-2574,2018,610 Sedgegrass,New,SF,1
BS18-2638,2018,3209 Palmer,New,SF,1
BS18-2680,2018,1619 English Oak,New,SF,1
BS18-2707,2018,3905 Slate,New,SF,1
BS18-2737,2018,1005 S Second Street,New,MF,30
BS18-2748,2019,708 S Sixth,New,MF,322
BS18-2768,2018,3804 Patriot,New,SF,1
BS18-2773,2019,309 W Washington,New,MF,17
BS18-2811,2018,5019 Trey,New,SF,1
BS18-2922,2018,1510 Jacobs Boulevard,New,SF,1
BS19-0030,2019,908 W Clark Street,New,SF,1
BS19-0188,2019,1111 Charles Street,New,SF,1
BS19-0212,2019,3213 Palmer Drive,New,SF,1
BS19-0229,2019,4009 Freedom Boulevard,New,SF,1
BS19-0275,2019,207 S Wright Street,New,MF,9
BS19-0277,2019,5020 Abbey Fields Drive,New,SF,1
BS19-0326,2019,909 W Beardsley Avenue,New,SF,1
BS19-0337,2019,3401 Boulder Ridge Drive,New,SF,1
BS19-0338,2019,3403 Boulder Ridge Drive,New,SF,1
BS19-0415,2019,3125 Palmer Drive,New,SF,1
BS19-0419,2019,3127 Palmer Drive,New,SF,1
BS19-0439,2019,3924 Summer Sage Court,New,SF,1
BS19-0440,2019,3926 Summer Sage Court,New,SF,1
BS19-0442,2019,3928 Summer Sage Court,New,SF,1
BS19-0443,2019,3930 Summer Sage Court,New,SF,1
BS19-0454,2019,53 Greencroft Drive,New,SF,1
BS19-0486,2019,2416 Prairieridge Place,New,SF,1
BS19-0583,2019,3321 Boulder Ridge Drive,New,SF,1
BS19-0584,2019,3319 Boulder Ridge Drive,New,SF,1
BS19-0585,2019,4905 Sandcherry Drive,New,SF,1
BS19-0586,2019,3317 Boulder Ridge Drive,New,SF,1
BS19-0587,2019,3315 Boulder Ridge Drive,New,SF,1
BS19-0588,2019,3313 Boulder Ridge Drive,New,SF,1
BS19-0589,2019,3311 Boulder Ridge Drive,New,SF,1
BS19-0599,2019,3211 Palmer Drive,New,SF,1
BS19-0724,2019,3805 Boulder Ridge Drive,New,SF,1
BS19-0813,2019,3405 Boulder Ridge Drive,New,SF,1
BS19-0814,2019,3407 Boulder Ridge Drive,New,SF,1
BS19-0829,2019,909 S Oak Street,New,MF,3
BS19-0859,2019,2005 Max Run Drive,New,SF,1
BS19-0889,2019,507 E Columbia Avenue,New,SF,1
BS19-0975,2019,3802 Slate Drive,New,SF,1
BS19-0978,2019,3810 Slate Drive,New,SF,1
BS19-1069,2019,32 E Green Street,New,MF,60
BS19-1113,2019,1613 English Oak Drive,New,SF,1
BS19-1241,2019,3706 Freedom Boulevard,New,SF,1
BS19-1315,2019,3812 Patriot Lane,New,SF,1
BS19-1345,2019,1305 English Oak Drive,New,SF,1
BS19-1417,2019,803 S McKinley Avenue,New,SF,1
BS19-1456,2019,1511 Peppermill Lane,New,SF,1
BS19-1561,2019,2108 Max Run Drive,New,SF,1
BS19-1703,2019,3909 Freedom Boulevard,New,SF,1
BS19-1844,2019,1606 Sandcherry Court,New,SF,1
BS19-1867,2019,1615 English Oak Drive,New,SF,1
BS19-1918,2019,3414 Boulder Ridge Drive,New,SF,1
BS19-1919,2019,3416 Boulder Ridge Drive,New,SF,1
BS19-1948,2019,3907 Slate Drive,New,SF,1
BS19-1962,2019,3808 Patriot Lane,New,SF,1
BS19-2082,2019,1512 Bluegrass Lane,New,SF,1
BS19-2172,2019,1705 Eagle Road,New,SF,1
BS19-2212,2019,3409 Boulder Ridge Drive,New,SF,1
BS19-2213,2019,3411 Boulder Ridge Drive,New,SF,1
BS19-2253,2019,3413 Boulder Ridge Drive,New,SF,1
BS19-2254,2019,3415 Boulder Ridge Drive,New,SF,1
BS19-2261,2019,5004 Chestnut Grove Drive,New,SF,1
BS19-2267,2019,502 E Healey Street,New,MF,90
BS19-2354,2019,3418 Boulder Ridge Drive,New,SF,1
BS19-2356,2019,3420 Boulder Ridge Drive,New,SF,1
BS19-2371,2019,402 W Church Street,New,MF,27
BS19-2372,2019,408 W Church Street,New,MF,24
BS19-2393,2019,208 E Clark Street,New,MF,20
BS19-2404,2019,3717 Sandstone Dr,New,SF,1
BS19-2444,2019,1013 W Eureka Street,New,SF,1
BS19-2545,2019,3307 Boulder Ridge Drive,New,SF,1
BS19-2546,2019,3309 Boulder Ridge Drive,New,SF,1
BS19-2547,2019,1507 Stonebluff Court,New,SF,1
BS19-2549,2019,1509 Stonebluff Court,New,SF,1
BS19-2550,2019,1508 Stonebluff Court,New,SF,1
BS19-2551,2019,1510 Stonebluff Court,New,SF,1
BS19-2559,2019,3205 Palmer Drive,New,SF,1
BS19-2569,2019,611 S State Street,New,MF,11
BS19-2594,2019,103 E John Street,New,MF,9
BS19-2673,2019,1101 Glen Abbey Drive,New,SF,1
BS19-2676,2020,812 S Sixth Street,New,MF,241
BS19-2691,2019,3203 Palmer Drive,New,SF,1
BS19-2849,2019,1105 W Daniel Street,New,SF,1
BS19-2958,2019,1501 Wyndemere Point Drive,New,SF,1
BS19-3001,2019,3916 Bay Circle,New,SF,1
BS19-3036,2019,404 W Eureka Street,New,SF,1
BS20-0071,2020,54 E John Street,New,MF,65
BS20-0080,2020,302 E Clark Street,New,MF,8
BS20-0119,2020,1611 Sandcherry Court,New,SF,1
BS20-0122,2020,2101 Max Run Drive,New,SF,1
BS20-0177,2020,3417 Boulder Ridge Drive,New,SF,1
BS20-0178,2020,3419 Boulder Ridge Drive,New,SF,1
BS20-0179,2020,3421 Boulder Ridge Drive,New,SF,1
BS20-0180,2020,3423 Boulder Ridge Drive,New,SF,1
BS20-0181,2020,3425 Boulder Ridge Drive,New,SF,1
BS20-0182,2020,3427 Boulder Ridge Drive,New,SF,1
BS20-0284,2020,4704 English Oak Court,New,SF,1
BS20-0326,2020,5014 Abbey Fields Drive,New,SF,1
BS20-0424,2020,3201 Palmer Drive,New,SF,1
BS20-0426,2020,3914 Bay Circle,New,SF,1
BS20-0504,2020,1509 Peppermill Lane,New,SF,1
BS20-0554,2020,309 E Springfield Avenue,New,MF,163
BS20-0600,2020,3139 Palmer Drive,New,SF,1
BS20-0661,2020,303 Chalmers Street,New,MF,96
BS20-0671,2020,5010 Chestnut Grove Drive,New,SF,1
BS20-0729,2020,604 Sedgegrass Drive,New,SF,1
BS20-0730,2020,606 Sedgegrass Drive,New,SF,1
BS20-0765,2020,403 W University Avenue,New,MF,12
BS20-0782,2020,4203 Curtis Meadow Drive,New,SF,1
BS20-0843,2020,5021 Abbey Fields Drive,New,SF,1
BS20-0848,2020,5015 Abbey Fields Drive,New,SF,1
BS20-0877,2020,3804 Slate Drive,New,SF,1
BS20-0878,2020,3137 Palmer Drive,New,SF,1
BS20-0889,2020,2313 Lovie Lane,New,SF,1
BS20-0902,2020,315 E John Street,New,MF,53
BS20-0911,2020,1610 Mullikin Drive,New,SF,1
BS20-1061,2020,2315 Lovie Lane,New,SF,1
BS20-1068,2020,3805 Obsidian Drive,New,SF,1
BS20-1085,2020,1604 Bluegrass Lane,New,SF,1
BS20-1086,2020,3806 Obsidian Drive,New,SF,1
BS20-1087,2021,3810 Obsidian Drive,New,SF,1
BS20-1092,2020,1510 Bluegrass Lane,New,SF,1
BS20-1109,2020,4813 Oakdale Drive,New,SF,1
BS20-1126,2020,3809 Obsidian Drive,New,SF,1
BS20-1127,2020,3912 Obsidian Drive,New,SF,1
BS20-1173,2020,2319 Lovie Lane,New,SF,1
BS20-1174,2020,2317 Lovie Lane,New,SF,1
BS20-1280,2020,2007 Max Run Drive,New,SF,1
BS20-1281,2020,3135 Palmer Drive,New,SF,1
BS20-1326,2020,4904 Chestnut Grove Drive,New,SF,1
BS20-1328,2020,4906 Chestnut Grove Drive,New,SF,1
BS20-1329,2020,504 Stoughton Street,New,MF,36
BS20-1349,2020,711 S Fourth Street,New,MF,84
BS20-1405,2020,2321 Lovie Lane,New,SF,1
BS20-1408,2020,2323 Lovie Lane,New,SF,1
BS20-1416,2020,3306 Boulder Ridge,New,SF,1
BS20-1417,2020,3310 Boulder Ridge Drive,New,SF,1
BS20-1418,2020,3312 Boulder Ridge Drive,New,SF,1
BS20-1419,2020,3314 Boulder Ridge Drive,New,SF,1
BS20-1474,2020,3301 Stoneway Court,New,SF,1
BS20-1475,2020,3303 Stoneway Court,New,SF,1
BS20-1476,2020,3305 Stoneway Court,New,SF,1
BS20-1477,2020,3307 Stoneway Court,New,SF,1
BS20-1479,2020,2329 Lovie Lane,New,SF,1
BS20-1482,2020,2327 Lovie Lane,New,SF,1
BS20-1500,2020,2325 Lovie Lane,New,SF,1
BS20-1652,2020,4901 Watermark Drive,New,SF,1
BS20-1713,2020,412 E Healey Street,New,MF,61
BS20-1778,2020,1607 Peppermill Lane,New,SF,1
BS20-1787,2020,3911 Obsidian Drive,New,SF,1
BS20-1827,2020,1204 Sussex Court,New,SF,1
BS20-1890,2020,314 S State Street,New,MF,20
BS20-2362,2020,3131 Palmer Drive,New,SF,1
BS20-2363,2020,3133 Palmer Drive,New,SF,1
BS20-2364,2021,609 S Randolph Street,New,MF,47
BS20-2392,2020,1408 Jacobs Boulevard,New,SF,1
BS20-2407,2020,1202 N Walnut Street,New,SF,1
BS20-2419,2020,3604 Boulder Ridge Drive,New,SF,1
BS20-2482,2020,1610 Bluegrass Lane,New,SF,1
BS20-2530,2020,3604 Freedom Boulevard,New,SF,1
BS21-0037,2021,3910 Obsidian Drive,New,SF,1
BS21-0051,2021,608 S Victor Street,New,SF,1
BS21-0084,2021,1504 Jacobs Boulevard,New,SF,1
BS21-0115,2021,3901 Slate Drive,New,SF,1
BS21-0140,2021,4005 Freedom Boulevard,New,SF,1
BS21-0152,2021,2316 Lovie Lane,New,SF,1
BS21-0154,2021,4812 Oakdale Drive,New,SF,1
BS21-0155,2021,2328 Lovie Lane,New,SF,1
BS21-0157,2021,2326 Lovie Lane,New,SF,1
BS21-0159,2021,2320 Lovie Lane,New,SF,1
BS21-0162,2021,2324 Lovie Lane,New,SF,1
BS21-0164,2021,2318 Lovie Lane,New,SF,1
BS21-0189,2021,605 S Fourth Street,New,MF,89
BS21-0216,2021,1412 Jacobs Boulevard,New,SF,1
BS21-0218,2021,2605 J T Coffman Drive,New,MF,24
BS21-0269,2021,3907 Obsidian Drive,New,SF,1
BS21-0295,2021,2607 J T Coffman Drive,New,MF,40
BS21-0298,2021,1602 Bluegrass Lane,New,SF,1
BS21-0303,2021,3903 Obsidian Drive,New,SF,1
BS21-0367,2021,1604 Peppermill Ln,New,SF,1
BS21-0377,2021,1401 Sand Dollar Drive,New,SF,1
BS21-0378,2021,1405 Sand Dollar Drive,New,SF,1
BS21-0440,2021,2104 Max Run Drive,New,SF,1
BS21-0462,2021,3129 Palmer Drive,New,SF,1
BS21-0465,2021,301 S Wright Street,New,MF,12
BS21-0550,2021,3914 Obsidian Drive,New,SF,1
BS21-0564,2021,3902 Obsidian Drive,New,SF,1
BS21-0565,2021,3812 Obsidian Drive,New,SF,1
BS21-0566,2021,1609 Peppermill Lane,New,SF,1
BS21-0622,2021,64 Greencroft Drive,New,SF,1
BS21-0667,2021,1207 Glen Abbey Drive,New,SF,1
BS21-0729,2021,3803 Obsidian Drive,New,SF,1
BS21-0744,2021,1406 Wyndemere Point Drive,New,SF,1
BS21-0834,2021,1916 Max Run Drive,New,SF,1
BS21-0922,2021,1514 Greyrock Lane,New,SF,1
BS21-0923,2021,1512 Greyrock Lane,New,SF,1
BS21-0924,2021,1510 Greyrock Lane,New,SF,1
BS21-0925,2021,1508 Greyrock Lane,New,SF,1
BS21-0926,2021,3334 Boulder Ridge Drive,New,SF,1
BS21-0927,2021,3336 Boulder Ridge Drive,New,SF,1
BS21-1027,2021,1505 Jacobs Boulevard,New,SF,1
BS21-1036,2021,1409 Jacobs Boulevard,New,SF,1
BS21-1056,2021,3805 Slate Drive,New,SF,1
BS21-1057,2021,3904 Slate Drive,New,SF,1
BS21-1377,2021,3901 Obsidian Drive,New,SF,1
BS21-1439,2021,3905 Obsidian Drive,New,SF,1
BS21-1440,2021,1605 Peppermill Lane,New,SF,1
BS21-1465,2021,1112 Champaign Street,New,SF,1
BS21-1494,2021,3802 Obsidian Drive,New,SF,1
BS21-1495,2021,3904 Obsidian Drive,New,SF,1
BS21-1532,2021,3936 Summer Sage Court,New,SF,1
BS21-1536,2021,3938 Summer Sage Court,New,SF,1
BS21-1829,2021,1608 Bluegrass Lane,New,SF,1
BS21-1904,2021,4718 Watermark Drive,New,SF,1
BS21-2081,2021,318 S State Street,New,MF,17
BS21-2085,2021,7 Meadow Court,New,SF,1
BS21-2243,2021,3215 Palmer Drive,New,SF,1
BS21-2244,2021,3217 Palmer Drive,New,SF,1
BS21-2425,2022,202 E Daniel Street,New,MF,113
BS21-2447,2021,4702 English Oak Court,New,SF,1
BS21-2554,2022,4505 Legends Drive,New,MF,107
BS21-2555,2022,4413 Legends Drive,New,MF,107
BS21-2565,2022,409 Maple Street,New,SF,1
BS21-2722,2022,4508 Legends Drive,New,SF,1
BS22-0010,2022,209 W Tremont Street,New,SF,1
BS22-0012,2022,4506 Legends Drive,New,SF,1
BS22-0016,2022,5013 Abbey Fields Drive,New,SF,1
BS22-0092,2022,2009 Max Run Drive,New,SF,1
BS22-0112,2022,1504 Bluegrass Lane,New,SF,1
BS22-0113,2022,3812 Slate Drive,New,SF,1
BS22-0134,2022,24 E Green Street,New,MF,153
BS22-0143,2022,1001 Charles Street,New,SF,1
BS22-0160,2022,1603 Peppermill Lane,New,SF,1
BS22-0221,2022,1616 Crabapple Lane,New,SF,1
BS22-0321,2022,1416 Jacobs Boulevard,New,SF,1
BS22-0404,2022,3804 Obsidian Drive,New,SF,1
BS22-0405,2022,3807 Obsidian Drive,New,SF,1
BS22-0406,2022,3811 Obsidian Drive,New,SF,1
BS22-0407,2022,3906 Obsidian Drive,New,SF,1
BS22-0408,2022,3908 Obsidian Drive,New,SF,1
BS22-0409,2022,3909 Obsidian Drive,New,SF,1
BS22-0410,2022,1414 Jacobs Boulevard,New,SF,1
BS22-0445,2022,3801 Obsidian Drive,New,SF,1
BS22-0450,2022,3808 Obsidian Drive,New,SF,1
BS22-0479,2022,4814 Oakdale Drive,New,SF,1
BS22-0637,2022,4804 Oakdale Drive,New,SF,1
BS22-0693,2022,3302 Stoneway Court,New,SF,1
BS22-0694,2022,3304 Stoneway Court,New,SF,1
BS22-0695,2022,3306 Stoneway Court,New,SF,1
BS22-0696,2022,3308 Stoneway Court,New,SF,1
BS22-0709,2022,4512 Legends Drive,New,SF,1
BS22-0710,2022,4510 Legends Drive,New,SF,1
BS22-1238,2022,1704 Mullikin Drive,New,SF,1
BS22-1301,2022,112 E John Street,New,MF,42
BS22-1335,2022,8 Greencroft Drive,New,SF,1
BS22-1525,2022,405 S Fifth Street,New,MF,12
BS22-1651,2022,5012 Abbey Fields Drive,New,SF,1
BS22-2032,2022,5008 Trey Boulevard,New,SF,1
BS22-2034,2022,1102 Mayfair Road,New,SF,1
BS22-2045,2022,305 W Clark Street,New,MF,17
BS22-2046,2022,5008 Abbey Fields Drive,New,SF,1
BS22-2047,2022,503 Stoughton Street,New,MF,30
BS22-2109,2022,3801 Slate Drive,New,SF,1
BS22-2112,2022,301 W University Avenue,New,MF,39
BS22-2187,2022,3910 Bay Circle,New,SF,1
BS22-2188,2022,3912 Bay Circle,New,SF,1
BS22-2244,2022,3902 Boulder Ridge Drive,New,SF,1
BS22-2315,2023,1915 S Mattis Avenue,New,MF,24
BS22-2316,2023,1917 S Mattis Avenue,New,MF,19
BS22-2317,2023,1919 S Mattis Avenue,New,MF,19
BS22-2318,2023,1921 S Mattis Avenue,New,MF,24
BS22-2382,2022,510 E White Street,New,MF,30
BS22-2387,2022,4514 Legends Drive,New,SF,1
BS22-2446,2022,5010 Trey Boulevard,New,SF,1
BS22-2602,2022,4405 Curtis Meadow Drive,New,SF,1
BS22-2643,2022,3309 Stoneway Court,New,SF,1
BS22-2645,2022,3311 Stoneway Court,New,SF,1
BS22-2646,2022,3313 Stoneway Court,New,SF,1
BS22-2647,2022,3315 Stoneway Court,New,SF,1
BS23-0167,2023,214 E Clark Street,New,MF,21
BS23-0368,2023,4810 Oakdale Drive,New,SF,1
BS23-0387,2023,2316 Lovie Lane,New,SF,1
BS23-0388,2023,2318 Lovie Lane,New,SF,1
BS23-0389,2023,2320 Lovie Lane,New,SF,1
BS23-0390,2023,2324 Lovie Lane,New,SF,1
BS23-0391,2023,2326 Lovie Lane,New,SF,1
BS23-0392,2023,2328 Lovie Lane,New,SF,1
BS23-0598,2023,1005 W Columbia Avenue,New,SF,1
BS23-0925,2023,1104 S Prospect Avenue,New,SF,1
BS23-0933,2023,132 E University Avenue,New,MF,3
BS23-1040,2023,405 Stoughton Street,New,MF,149
BS23-1099,2023,5017 Abbey Fields Drive,New,SF,1
BS23-1176,2023,3808 Slate Drive,New,SF,1
BS23-1223,2023,1402 W Bradley Avenue,New,SF,1
BS23-1258,2023,3809 Slate Drive,New,SF,1
BS23-1568,2023,4305 Southford Trace Drive,New,SF,1
BS23-1670,2023,506 Ash Street,New,SF,1
BS23-1675,2023,1002 W Beardsley Avenue,New,SF,1
BS23-1688,2023,3704 Boulder Ridge Drive,New,SF,1
BS23-1689,2023,3706 Boulder Ridge Drive,New,SF,1
BS23-1750,2023,3301 Palmer Drive,New,SF,1
BS23-2148,2023,26 Ashley Lane,New,SF,1
BS23-2264,2023,3608 Freedom Boulevard,New,SF,1
BS23-2655,2023,4518 Legends Drive,New,SF,1
BS23-2656,2023,4516 Legends Drive,New,SF,1
BS23-2703,2023,3906 Bay Circle,New,SF,1
BS23-2704,2023,3908 Bay Circle,New,SF,1
BS23-2849,2023,3101 Palmer Drive,New,SF,1
BS23-2850,2023,3103 Palmer Drive,New,SF,1
BS23-3166,2024,501 S Fifth Street,New,MF,12
BS23-3296,2023,409 S Third Street,New,MF,44
BS23-3590,2023,5016 Trey Boulevard,New,SF,1
BS23-3777,2023,3610 Freedom Boulevard,New,SF,1
BS23-3791,2024,316 E Healey Street,New,MF,12
BS23-4013,2023,305 Flora Drive,New,SF,1
BS24-0516,2024,2613 J T Coffman Drive,New,MF,24
BS24-0517,2024,2617 J T Coffman Drive,New,MF,32
BS24-0552,2024,1010 Maple Street,New,SF,1
BS24-0614,2024,4814 Vahalla Drive,New,SF,1
BS24-0652,2024,2301 Lovie Lane,New,SF,1
BS24-0771,2024,3809 Boulder Ridge Drive,New,SF,1
BS24-1062,2024,608 Chalmers Street,New,MF,115
BS24-1202,2024,110 Tower Street,New,MF,60
BS24-1523,2024,3313 Palmer Drive,New,SF,1
BS24-1721,2024,404 E Clark Street,New,MF,62
BS24-1857,2024,3811 Boulder Ridge Drive,New,SF,1
BS24-1920,2024,511 W Beardsley Avenue,New,SF,1
BS24-1929,2024,313 Edgebrook Drive,New,SF,1
BS24-2276,2024,2414 N Neil Street,New,MF,30
BS24-2394,2024,1409 Sand Dollar Drive,New,SF,1
BS24-2395,2024,1413 Sand Dollar Drive,New,SF,1
BS24-2396,2024,1407 Sand Dollar Drive,New,SF,1
BS24-2602,2024,1105 Glen Abbey Drive,New,SF,1
BS24-2634,2024,3317 Stoneway Court,New,SF,1
BS24-2635,2024,3319 Stoneway Court,New,SF,1
BS24-2636,2024,3321 Stoneway Court,New,SF,1
BS24-2637,2024,3323 Stoneway Court,New,SF,1
BS24-2723,2024,4502 Legends Drive,New,SF,1
BS24-2725,2024,4504 Legends Drive,New,SF,1
BS24-3049,2024,3303 Palmer Drive,New,SF,1
BS24-3050,2024,3305 Palmer Drive,New,SF,1
BS24-3190,2024,1126 W Armory Avenue,New,SF,1
BS24-3581,2024,4701 Vahalla Drive,New,SF,1
BS24-3844,2024,1619 Peppermill Lane,New,SF,1
